T1811_unc-119_1,attctattga
T1811_unc-119_2,ttctctttgc
T1811_unc-119_3,tcatcttctt
T1811_unc-119_4,aactcattta
T1811_unc-119_5,gtttgaaagt
T1811_unc-119_6,aaagtatcgc
T1811_unc-119_7,tgcttgcttt
T1811_unc-119_8,cccatcccaa
T1811_unc-119_9,gccctcccag
T1811_unc-119_10,tctacaacat
T1811_unc-119_11,ccaagcccaa
T1811_unc-119_12,ttaaacagtt
T1811_unc-119_13,ccgactcctc
T1811_unc-119_14,ctcatggacg
T1811_unc-119_15,acgacgccta
Twist_adapter_5_end_1,caatccgccc
Twist_adapter_5_end_2,cgccctcact
Twist_adapter_5_end_3,tcactacaac
Twist_adapter_5_end_4,actacaaccg
Twist_adapter_3_end_1,CTACTCTGGC
Twist_adapter_3_end_2,ACTCTGGCGT
Twist_adapter_3_end_3,GGCGTCGATG
Twist_adapter_3_end_4,CGATGAGGGA
T1808_index1_2_ADF_enhancer_1,ggaacatgta
T1808_index1_2_ADF_enhancer_2,ctcccacgga
T1808_index1_2_ADF_enhancer_3,ctcatttaaa
T1808_index1_2_ADF_enhancer_4,aaccttgcgg
T1808_3_end_index_10mer_1,actactattc
T1808_3_end_index_10mer_2,tattctccta
T1808_3_end_index_10mer_3,tgttgactac
T1808_3_end_index_10mer_4,tttgttgact
T1808_3_end_index_10mer_5,ttctcctacg
T1809_index1_2_ASE_enhancer_1,tgaccgtcca
T1809_index1_2_ASE_enhancer_2,aagcccccaa
T1809_index1_2_ASE_enhancer_3,ttttagcaag
T1809_index1_2_ASE_enhancer_4,atgcgtaaag
T1809_3_end_index_1,caaatagtag
T1809_3_end_index_2,agtagtccta
T1809_3_end_index_3,tgttgcaaat
T1809_3_end_index_4,tagtcctacg
T1810_index1_2_DA_enhancer_1,cggtagggtg
T1810_index1_2_DA_enhancer_2,ttccggcaat
T1810_index1_2_DA_enhancer_3,gaaagtagct
T1810_index1_2_DA_enhancer_4,aatccacgtt
T1810_3_end_index_1,attagaaata
T1810_3_end_index_2,aaatatccta
T1810_3_end_index_3,tgttgattag
T1810_3_end_index_4,atatcctacg
T1810_3_end_index_5,tttgttgatt
pes-10_mScarlet_1,cgagcgttgt
pes-10_mScarlet_2,atcattcatt
pes-10_mScarlet_3,gagcttctct
pes-10_mScarlet_4,aatttttaac
pes-10_mScarlet_5,gtttcaaagg
pes-10_mScarlet_6,acatggaggg
pes-10_mScarlet_7,agagggacgt
pes-10_mScarlet_8,atcgattttc
pes-10_mScarlet_9,ttgctttttt
pes-10_mScarlet_10,ctgggacatc
pes-10_mScarlet_11,aagcacccag
pes-10_mScarlet_12,gattcaagtg
pes-10_mScarlet_13,cgtcacccaa
pes-10_mScarlet_14,actctatgttt
pes-10_mScarlet_15,ggtcaagctc
pes-10_mScarlet_16,aagaagacca
pes-10_mScarlet_17,acggagtcct
pes-10_mScarlet_18,ttccaaaata
pes-10_mScarlet_19,caaggacgga
pes-10_mScarlet_20,aagaagccag
pes-10_mScarlet_21,acatcacctc
pes-10_mScarlet_22,ttccgaggga